Region,Avg_Crop_Yield,Avg_Food_Insecurity,Drought_Incidents,Avg_Rainfall_mm,Avg_Temp_C
Sub-Saharan Africa,10.718058035714284,58.721651785714286,29,968.4486607142857,26.544486607142858
Middle East & North Africa,9.172782608695654,49.78521739130435,40,560.8147826086956,22.66295652173913
South Asia,10.688021978021979,43.5532967032967,14,970.7032967032967,22.49664835164835
East Asia,9.869399999999999,27.458000000000002,6,937.446,22.6538
Southeast Asia,10.078353658536585,26.995731707317074,17,1426.3256097560975,22.50969512195122
North America,10.825254237288135,26.982485875706214,19,965.416384180791,14.610734463276836
Oceania,9.192063492063493,25.065079365079363,4,1015.9730158730159,22.603174603174605
Europe,9.795217391304348,24.978804347826088,12,918.9826086956521,14.52875
South America,10.822051282051282,24.65897435897436,10,971.7529914529915,22.651965811965812
